,TF,target,num_peaks,num_valleys,mean_curvature,cluster
0,ACE2,ACE2,1,0,-0.09375198277051587,5
1,ACE2,CDC20,1,1,-0.0675032074092883,2
2,ACE2,CDH1,1,2,0.1765978859293333,1
3,ACE2,CLB1,1,1,-0.047581320033720315,2
4,ACE2,CLB2,1,0,-0.09229213818798035,5
5,ACE2,CLB3,1,1,-0.004674599736926351,2
6,ACE2,CLB4,1,1,-0.0048859668702780495,2
7,ACE2,CLB5,1,2,0.1458490820873345,1
8,ACE2,CLB6,1,2,0.10999430330223181,1
9,ACE2,CLN1,1,2,0.20052174086520075,1
10,ACE2,CLN2,1,2,0.029022091822836486,1
11,ACE2,CLN3,1,1,-0.039300104591532374,2
12,ACE2,FKH1,1,1,-0.04109662969103316,2
13,ACE2,FKH2,1,1,0.0253863940237345,2
14,ACE2,HCM1,1,1,0.004341271632021269,2
15,ACE2,MBP1,2,1,-0.05612871112226098,0
16,ACE2,MCM1,2,2,-0.05641068567425098,4
17,ACE2,NDD1,1,1,-0.02455912895932734,2
18,ACE2,NRM1,2,1,-0.012486457084945432,0
19,ACE2,PLM2,1,0,0.0036723062605431914,5
20,ACE2,STB1,1,2,0.14996002732152688,1
21,ACE2,SWI4,2,2,0.0061900863994022864,4
22,ACE2,SWI5,2,1,-0.06675971156072427,0
23,ACE2,SWI6,2,2,-0.011996878662508412,4
24,ACE2,TOS4,0,1,0.042339531154823036,2
25,ACE2,WHI5,2,3,0.20657642353028985,3
26,ACE2,YHP1,0,0,-0.014231569907586243,5
27,ACE2,YOX1,1,2,0.09938158081961593,1
28,FKH1,ACE2,2,1,-0.0488021687505628,0
29,FKH1,CDC20,2,3,0.11046709201459164,3
30,FKH1,CDH1,3,2,-0.14272514096277905,6
31,FKH1,CLB1,1,1,0.00032066041883054355,2
32,FKH1,CLB2,1,1,0.029811301381760275,2
33,FKH1,CLB3,2,1,-0.01370761324479032,0
34,FKH1,CLB4,1,1,0.002535233591768264,2
35,FKH1,CLB5,1,1,-0.0459456615121253,2
36,FKH1,CLB6,2,1,-0.10303108144581252,0
37,FKH1,CLN1,2,1,-0.1537249666862823,0
38,FKH1,CLN2,2,1,-0.08605822279696676,0
39,FKH1,CLN3,2,3,0.12971748647763545,3
40,FKH1,FKH1,1,1,-0.11544841464424933,2
41,FKH1,FKH2,1,2,0.021175023170540715,1
42,FKH1,HCM1,2,3,0.12299418556385106,3
43,FKH1,MBP1,1,0,-0.04784682965136621,5
44,FKH1,MCM1,2,2,0.16385542058703834,3
45,FKH1,NDD1,2,1,-0.058720448555432514,0
46,FKH1,NRM1,2,1,-0.03367308302132894,0
47,FKH1,PLM2,1,1,-0.010258774281487602,2
48,FKH1,STB1,1,1,0.0007288947268576686,2
49,FKH1,SWI4,0,1,0.05293696669696745,2
50,FKH1,SWI5,0,0,-0.03155130343303879,5
51,FKH1,SWI6,0,1,0.022630705231240767,2
52,FKH1,TOS4,3,2,-0.1862288095044275,6
53,FKH1,WHI5,2,2,0.08537837823108797,4
54,FKH1,YHP1,2,1,-0.015231926833182696,0
55,FKH1,YOX1,3,2,-0.24772257502401238,6
56,FKH2,ACE2,2,2,0.014793079236778448,4
57,FKH2,CDC20,1,1,-0.00020607972175645112,2
58,FKH2,CDH1,2,2,-0.012744968825535309,4
59,FKH2,CLB1,1,0,-0.030796330632943285,5
60,FKH2,CLB2,2,1,-0.05875354867349959,0
61,FKH2,CLB3,1,1,-0.040573496035874,2
62,FKH2,CLB4,1,1,0.0004281753025158763,2
63,FKH2,CLB5,1,2,0.07199113335110158,1
64,FKH2,CLB6,1,1,0.03589361375401314,2
65,FKH2,CLN1,1,1,-0.0047758732631586545,2
66,FKH2,CLN2,2,1,-0.02043938308195309,0
67,FKH2,CLN3,2,2,0.007706169938246847,4
68,FKH2,FKH1,1,2,0.004804684460461638,1
69,FKH2,FKH2,2,2,-0.1154995238501225,0
70,FKH2,HCM1,2,2,-0.016908229184382288,4
71,FKH2,MBP1,1,1,0.000740355507626498,2
72,FKH2,MCM1,2,1,0.003486397836042602,0
73,FKH2,NDD1,1,0,-0.02389902424012844,5
74,FKH2,NRM1,2,1,-0.0167845521083679,0
75,FKH2,PLM2,1,2,0.027261594245010526,1
76,FKH2,STB1,2,2,0.03250822963105344,4
77,FKH2,SWI4,2,2,0.02860009454738323,4
78,FKH2,SWI5,1,1,-0.009456789492961293,2
79,FKH2,SWI6,1,0,-0.007808429784166446,5
80,FKH2,TOS4,1,1,0.07029687588932942,2
81,FKH2,WHI5,1,1,-0.04927889203212406,2
82,FKH2,YHP1,3,2,-0.02048503006005658,6
83,FKH2,YOX1,3,2,-0.03919798982429985,6
84,HCM1,ACE2,2,2,-0.1421168394142746,0
85,HCM1,CDC20,1,1,-0.022230286577558763,2
86,HCM1,CDH1,2,2,0.012523807634271647,4
87,HCM1,CLB1,1,1,0.018143567571826984,2
88,HCM1,CLB2,1,2,0.1593879108203268,1
89,HCM1,CLB3,1,0,-0.035675704858755534,5
90,HCM1,CLB4,1,1,-0.028390798200686324,2
91,HCM1,CLB5,1,0,-0.047280322986760784,5
92,HCM1,CLB6,1,1,0.03147004159620741,2
93,HCM1,CLN1,1,1,-0.05620489988987212,2
94,HCM1,CLN2,1,0,-0.04439644898524896,5
95,HCM1,CLN3,1,1,-0.06550374396086339,2
96,HCM1,FKH1,1,1,-0.0044712979827679425,2
97,HCM1,FKH2,1,0,-0.04986147882023588,5
98,HCM1,HCM1,2,2,-0.11589838301923903,0
99,HCM1,MBP1,1,1,-0.007398365981061521,2
100,HCM1,MCM1,2,2,0.052356852892489904,4
101,HCM1,NDD1,1,1,-0.013852577640797219,2
102,HCM1,NRM1,1,0,-0.0642735304289933,5
103,HCM1,PLM2,1,0,-0.08685605263536475,5
104,HCM1,STB1,1,1,0.024830138735719928,2
105,HCM1,SWI4,2,3,0.039699160430351856,3
106,HCM1,SWI5,1,1,-0.07382486048630758,2
107,HCM1,SWI6,1,1,-0.00022809505987236856,2
108,HCM1,TOS4,1,0,-0.026664929940852157,5
109,HCM1,WHI5,1,0,-0.029941655257061786,5
110,HCM1,YHP1,1,0,-0.05704622077160897,5
111,HCM1,YOX1,1,0,-0.06843251264508665,5
112,MBP1,ACE2,1,1,0.13376050185754557,1
113,MBP1,CDC20,0,0,0.04476532981522685,5
114,MBP1,CDH1,1,2,0.15895851165874073,1
115,MBP1,CLB1,1,1,-0.0724820250334155,2
116,MBP1,CLB2,1,0,-0.16217407667289185,5
117,MBP1,CLB3,1,1,-0.02358039178587682,2
118,MBP1,CLB4,1,1,-0.08004500358194384,2
119,MBP1,CLB5,0,0,-0.028768564511060975,5
120,MBP1,CLB6,1,1,0.062166371858356294,2
121,MBP1,CLN1,1,1,-0.12567020109424692,2
122,MBP1,CLN2,1,0,-0.1804078750486573,5
123,MBP1,CLN3,1,2,0.31485504549516313,1
124,MBP1,FKH1,1,1,0.09017793207074006,1
125,MBP1,FKH2,1,1,-0.009582514607180136,2
126,MBP1,HCM1,2,1,-0.24565981766375278,0
127,MBP1,MBP1,0,0,-0.06774275367677178,5
128,MBP1,MCM1,1,2,0.16069360000852267,1
129,MBP1,NDD1,0,1,0.10085535066005198,1
130,MBP1,NRM1,1,1,0.20048644810442914,1
131,MBP1,PLM2,0,0,-0.026629584855846898,5
132,MBP1,STB1,1,1,0.1167481010486332,1
133,MBP1,SWI4,0,0,0.027538414420159984,5
134,MBP1,SWI5,1,0,-0.11536571857173243,5
135,MBP1,SWI6,0,1,0.001601235366079945,2
136,MBP1,TOS4,1,1,-0.22771144488298187,0
137,MBP1,WHI5,1,0,0.004584951970994677,5
138,MBP1,YHP1,2,1,-0.5427559105398914,0
139,MBP1,YOX1,1,0,-0.20382017526882076,5
140,NRM1,ACE2,1,2,0.17653881993849624,1
141,NRM1,CDC20,3,2,-0.16421601161354704,6
142,NRM1,CDH1,2,2,0.05387616811093203,4
143,NRM1,CLB1,1,0,-0.0775457507601783,5
144,NRM1,CLB2,2,2,0.0360228271551227,4
145,NRM1,CLB3,1,0,0.0015388484142261974,5
146,NRM1,CLB4,2,1,-0.1108271873321074,0
147,NRM1,CLB5,1,1,-0.010109866383180816,2
148,NRM1,CLB6,1,1,-0.02355105936405403,2
149,NRM1,CLN1,2,2,-0.021037930351456707,4
150,NRM1,CLN2,2,2,0.03212475605727155,4
151,NRM1,CLN3,1,2,0.09569428173039943,1
152,NRM1,FKH1,1,2,0.10408953992398327,1
153,NRM1,FKH2,1,2,0.06113377575487333,1
154,NRM1,HCM1,1,2,0.0518470975874124,1
155,NRM1,MBP1,2,1,-0.1743871678242625,0
156,NRM1,MCM1,1,2,0.15498612493800834,1
157,NRM1,NDD1,1,2,0.06979327759713361,1
158,NRM1,NRM1,1,0,-0.12396565591627673,5
159,NRM1,PLM2,1,1,-0.018032043720676932,2
160,NRM1,STB1,1,2,0.12919018100271884,1
161,NRM1,SWI4,2,2,-0.006382030709782476,4
162,NRM1,SWI5,1,1,-0.06620501605755277,2
163,NRM1,SWI6,2,2,-0.0150594274386317,4
164,NRM1,TOS4,1,1,-0.0007376940760023404,2
165,NRM1,WHI5,2,2,0.09490370705301611,4
166,NRM1,YHP1,1,1,-0.0353818847140799,2
167,NRM1,YOX1,0,1,0.09675247187991771,1
168,STB1,ACE2,1,2,0.08108047122147072,1
169,STB1,CDC20,2,2,0.026193307489557657,4
170,STB1,CDH1,2,3,0.203997483122782,3
171,STB1,CLB1,2,1,-0.08982888233525169,0
172,STB1,CLB2,2,2,-0.0326111846843759,4
173,STB1,CLB3,2,1,-0.1739401671043821,0
174,STB1,CLB4,1,0,-0.17429232283978738,5
175,STB1,CLB5,1,1,-0.030717635158034814,2
176,STB1,CLB6,1,0,-0.021873527891503344,5
177,STB1,CLN1,1,1,-0.02851289783771229,2
178,STB1,CLN2,1,1,0.03347276999129499,2
179,STB1,CLN3,1,2,0.09476008203152234,1
180,STB1,FKH1,2,1,-0.1870788719179414,0
181,STB1,FKH2,2,2,-0.139877718381959,0
182,STB1,HCM1,1,1,-0.05754912000451967,2
183,STB1,MBP1,2,1,-0.1550505286983914,0
184,STB1,MCM1,2,3,0.06437560667778808,3
185,STB1,NDD1,2,2,-0.14617579748465995,0
186,STB1,NRM1,1,1,-0.09427384470499361,2
187,STB1,PLM2,1,0,-0.08582022010222311,5
188,STB1,STB1,2,2,-0.11530178415122327,0
189,STB1,SWI4,1,1,0.006488712807108242,2
190,STB1,SWI5,1,1,0.010659170627263376,2
191,STB1,SWI6,1,1,-0.06463765712662943,2
192,STB1,TOS4,1,1,-0.0546311816822376,2
193,STB1,WHI5,2,2,-0.14555652210439038,0
194,STB1,YHP1,2,1,-0.1469385092389207,0
195,STB1,YOX1,1,1,-0.01753162439621206,2
196,SWI5,ACE2,2,2,0.042719362023075386,4
197,SWI5,CDC20,2,2,0.03402091004799296,4
198,SWI5,CDH1,2,1,-0.028776568969498085,0
199,SWI5,CLB1,2,3,0.1688914864563069,3
200,SWI5,CLB2,2,2,-0.02374952829101727,4
201,SWI5,CLB3,2,3,0.1164671314034495,3
202,SWI5,CLB4,1,2,0.1003192745965836,1
203,SWI5,CLB5,1,0,-0.07092475764673435,5
204,SWI5,CLB6,1,1,-0.06281228585318649,2
205,SWI5,CLN1,2,3,0.13199555144117311,3
206,SWI5,CLN2,3,2,-0.03924820413282755,6
207,SWI5,CLN3,2,2,0.007228705391817858,4
208,SWI5,FKH1,1,1,0.07888703835053028,2
209,SWI5,FKH2,2,2,0.09768214590533733,4
210,SWI5,HCM1,2,1,-0.04806148753870339,0
211,SWI5,MBP1,1,2,0.18994651772690344,1
212,SWI5,MCM1,3,3,0.042711866880590574,3
213,SWI5,NDD1,2,3,0.17964542796964203,3
214,SWI5,NRM1,1,2,0.09877452277221291,1
215,SWI5,PLM2,1,1,0.020001624296167867,2
216,SWI5,STB1,2,2,-0.021969293950447548,4
217,SWI5,SWI4,2,1,-0.0355075379873036,0
218,SWI5,SWI5,1,1,-0.08862994273741405,2
219,SWI5,SWI6,1,1,0.07373307151154454,2
220,SWI5,TOS4,2,1,-0.02897212683399254,0
221,SWI5,WHI5,2,2,-0.048803434516057176,4
222,SWI5,YHP1,2,2,0.04786772284261427,4
223,SWI5,YOX1,1,1,-0.021564978995761118,2
224,SWI6,ACE2,2,2,0.07856135402044712,4
225,SWI6,CDC20,2,2,0.14249091812254983,3
226,SWI6,CDH1,2,1,-0.06754843859289485,0
227,SWI6,CLB1,1,2,0.08162444916066537,1
228,SWI6,CLB2,1,1,0.08081566855357603,2
229,SWI6,CLB3,2,1,-0.05367642198560789,0
230,SWI6,CLB4,0,1,0.007497239787239141,2
231,SWI6,CLB5,1,1,-0.03400018035301269,2
232,SWI6,CLB6,1,1,-0.021046042780562484,2
233,SWI6,CLN1,2,1,-0.09638783299316317,0
234,SWI6,CLN2,1,0,-0.06197138159960996,5
235,SWI6,CLN3,1,1,0.007638911879165634,2
236,SWI6,FKH1,2,1,-0.056097867877326804,0
237,SWI6,FKH2,1,1,-0.0322820532112771,2
238,SWI6,HCM1,2,1,-0.1106073354830946,0
239,SWI6,MBP1,2,2,0.014230065797617451,4
240,SWI6,MCM1,2,2,-0.05466316695621193,4
241,SWI6,NDD1,2,1,-0.11351987863850509,0
242,SWI6,NRM1,1,0,-0.0826356057499891,5
243,SWI6,PLM2,2,1,-0.1264778586700056,0
244,SWI6,STB1,2,1,-0.07168464588605104,0
245,SWI6,SWI4,2,1,-0.007160248768894532,0
246,SWI6,SWI5,1,2,0.11341202901446544,1
247,SWI6,SWI6,1,1,-0.08910949063325102,2
248,SWI6,TOS4,1,1,-0.08918099697981341,2
249,SWI6,WHI5,2,3,0.045011511550688756,3
250,SWI6,YHP1,1,1,0.009560296790580378,2
251,SWI6,YOX1,2,2,-0.028430202305107226,4
252,WHI5,ACE2,1,1,-0.03604395904056576,2
253,WHI5,CDC20,3,3,0.10243324546693425,3
254,WHI5,CDH1,3,3,-0.045055729083218934,6
255,WHI5,CLB1,1,0,-0.08473447338297505,5
256,WHI5,CLB2,2,1,-0.012052355271050913,0
257,WHI5,CLB3,1,1,-0.06665772545744038,2
258,WHI5,CLB4,0,0,-0.08830694759005504,5
259,WHI5,CLB5,0,0,-0.033242154938535225,5
260,WHI5,CLB6,1,0,-0.06114642270224799,5
261,WHI5,CLN1,0,0,-0.0490636029232573,5
262,WHI5,CLN2,1,1,0.010681312192690987,2
263,WHI5,CLN3,2,3,0.11783480102919908,3
264,WHI5,FKH1,1,0,-0.0802572909763965,5
265,WHI5,FKH2,2,1,-0.06143172386267132,0
266,WHI5,HCM1,1,0,-0.027690035019241235,5
267,WHI5,MBP1,2,2,-0.1325343937221175,0
268,WHI5,MCM1,2,3,0.18116258644239974,3
269,WHI5,NDD1,1,1,-0.08602237151447917,2
270,WHI5,NRM1,1,0,-0.07118514165693621,5
271,WHI5,PLM2,0,0,-0.04176078548763522,5
272,WHI5,STB1,0,1,0.05395326564226617,2
273,WHI5,SWI4,0,1,0.036389613327179916,2
274,WHI5,SWI5,2,2,-0.10707650719237082,0
275,WHI5,SWI6,1,0,-0.07314471215899669,5
276,WHI5,TOS4,1,0,-0.042056578445217735,5
277,WHI5,WHI5,2,2,-0.08664914455275266,4
278,WHI5,YHP1,1,0,-0.07097921144247864,5
279,WHI5,YOX1,1,0,-0.04253916968176505,5
280,YHP1,ACE2,2,1,-0.13695615911419182,0
281,YHP1,CDC20,1,2,0.054626176946826144,1
282,YHP1,CDH1,2,1,0.005366157932724193,0
283,YHP1,CLB1,1,1,0.014975107999992049,2
284,YHP1,CLB2,1,2,0.10669783468772381,1
285,YHP1,CLB3,1,1,0.0024780998699237694,2
286,YHP1,CLB4,1,1,0.016545846125289296,2
287,YHP1,CLB5,3,3,0.09752061125319028,3
288,YHP1,CLB6,2,1,-0.0852135241494278,0
289,YHP1,CLN1,2,2,-0.08559150588053294,4
290,YHP1,CLN2,3,3,-0.050981751872199804,6
291,YHP1,CLN3,1,1,0.03980867584691174,2
292,YHP1,FKH1,2,1,-0.035030205560045574,0
293,YHP1,FKH2,2,1,-0.13853264457917994,0
294,YHP1,HCM1,2,2,0.17067142787158435,3
295,YHP1,MBP1,3,2,-0.09706364463128206,6
296,YHP1,MCM1,1,1,-0.04484293320231317,2
297,YHP1,NDD1,3,2,-0.11621380534211209,6
298,YHP1,NRM1,1,1,0.07678201731478272,2
299,YHP1,PLM2,2,2,0.04002610982592754,4
300,YHP1,STB1,2,1,-0.1336530317193448,0
301,YHP1,SWI4,2,2,0.024952067214712922,4
302,YHP1,SWI5,1,1,0.04908767834388364,2
303,YHP1,SWI6,2,2,0.018582202102282203,4
304,YHP1,TOS4,1,1,-0.11456022655321046,2
305,YHP1,WHI5,2,2,-0.09886047019320998,0
306,YHP1,YHP1,1,0,-0.1244478811790949,5
307,YHP1,YOX1,1,1,-0.04135954841710446,2
308,YOX1,ACE2,1,1,0.09325214726435978,1
309,YOX1,CDC20,2,2,-0.006977108097708087,4
310,YOX1,CDH1,1,1,0.10093488393086043,1
311,YOX1,CLB1,2,1,-0.14933787938252313,0
312,YOX1,CLB2,1,1,0.006129743959109091,2
313,YOX1,CLB3,2,2,-0.126777831161241,0
314,YOX1,CLB4,3,2,-0.14812575846762696,6
315,YOX1,CLB5,1,1,0.048422370486665665,2
316,YOX1,CLB6,1,1,-0.01680353157471519,2
317,YOX1,CLN1,2,1,-0.10451022210781456,0
318,YOX1,CLN2,2,1,-0.08918536658091647,0
319,YOX1,CLN3,1,1,-0.016093826626590382,2
320,YOX1,FKH1,3,2,-0.22610867470064944,6
321,YOX1,FKH2,3,2,-0.26471623124482624,6
322,YOX1,HCM1,2,2,0.03876618193284323,4
323,YOX1,MBP1,3,3,0.0016788318721827206,6
324,YOX1,MCM1,2,2,-0.0034829640477508916,4
325,YOX1,NDD1,1,1,-0.024968088670269555,2
326,YOX1,NRM1,1,1,-0.03774743551120727,2
327,YOX1,PLM2,1,0,-0.06025778270682794,5
328,YOX1,STB1,3,2,-0.11327775243440129,6
329,YOX1,SWI4,2,2,0.006909500234542575,4
330,YOX1,SWI5,3,2,-0.0021457091656802672,6
331,YOX1,SWI6,2,1,-0.07965552936895748,0
332,YOX1,TOS4,1,0,-0.05815337839677023,5
333,YOX1,WHI5,2,1,-0.17194358361982529,0
334,YOX1,YHP1,1,0,-0.038285468845884386,5
335,YOX1,YOX1,1,1,-0.09160522447601285,2
