,TF,Gene,R_squared_lm,R_squared_dogbox_init,R_squared_dogbox
0,ACE2,CLB1,0.941961753,,0.941881744
1,ACE2,CLB2,0.887630081,-2.22E-16,0.514487656
2,ACE2,CLB3,0.989177088,0,0.989177088
3,ACE2,CLB6,0.971806013,0,0.971806013
4,ACE2,CLN1,0.657885998,0.402809287,0.644498017
5,ACE2,CLN2,0.746151807,0.113929511,0.746151837
6,ACE2,CLN3,0.386781058,0.386781061,0.344992238
7,ACE2,FKH1,0.762859331,,
8,ACE2,HCM1,0.967174087,0,0.967174087
9,ACE2,NDD1,0.873345872,0.873123274,0.872960153
10,ACE2,NRM1,0.995302374,-2.22E-16,0.076864922
11,ACE2,PLM2,0.9973075,0,0.117208335
12,ACE2,STB1,0.628933571,0,0.628933571
13,ACE2,SWI4,0.798285265,-2.22E-16,0.486432317
14,ACE2,SWI5,0.926236334,0,0.034717232
15,ACE2,TOS4,0.999000396,1.11E-16,0.999000396
16,ACE2,WHI5,,2.22E-16,0.414247235
17,ACE2,YHP1,0.997831365,0.997831365,0.997831365
18,ACE2,YOX1,0.912739259,0,0.912739259
19,FKH1,ACE2,0.882796223,0,0.882796223
20,FKH1,CDC20,0.715365753,0.684835705,0.541387099
21,FKH1,CLB1,0.455052869,3.10E-05,0.455052869
22,FKH1,CLB2,0.826376307,0.465797021,0.455247587
23,FKH1,CLB3,0.931260685,0.931260686,0.931260686
24,FKH1,CLB4,0.998923365,-2.22E-16,0.121516298
25,FKH1,CLB5,0.857470923,0.85747093,0.85747093
26,FKH1,CLB6,0.903176313,0,1.11E-16
27,FKH1,CLN1,0.607770821,0,0.577449548
28,FKH1,CLN2,0.324430742,0,0.276896823
29,FKH1,CLN3,0.020758055,0.006123668,0.228834882
30,FKH1,FKH2,0.999399712,-2.22E-16,0.119862366
31,FKH1,MBP1,0.978741713,0,1.11E-16
32,FKH1,NDD1,0.959893842,0,0
33,FKH1,NRM1,0.990516622,-2.22E-16,0.990516622
34,FKH1,PLM2,0.987936122,0.987936122,0.987936122
35,FKH1,STB1,0.923869687,0.206070427,0.923869687
36,FKH1,SWI4,0.882460726,0.882460726,0.882460726
37,FKH1,SWI5,0.991287988,,0.982534038
38,FKH1,SWI6,0.99907401,,0.996872682
39,FKH1,WHI5,0.9273805,,
40,FKH1,YHP1,0.996159803,0.996159803,0.996159803
41,FKH1,YOX1,0.163423324,0.072637608,0.067754945
42,FKH2,ACE2,,0,0.160135521
43,FKH2,CDC20,0.952119203,2.22E-16,0.952119204
44,FKH2,CDH1,0.860003627,0.86000723,0.86000723
45,FKH2,CLB1,0.982961863,0,0.982961864
46,FKH2,CLB2,0.321325507,0,0.321302596
47,FKH2,CLB3,0.576351771,3.33E-16,0.576351771
48,FKH2,CLB4,0.999792362,0,0.129300632
49,FKH2,CLB6,0.980006921,0.980006921,0.087960031
50,FKH2,CLN1,0.513222553,1.11E-16,0.513222558
51,FKH2,CLN2,0.991726368,0,0.991726368
52,FKH2,CLN3,0.585003857,0.042295975,0.585003857
53,FKH2,FKH1,0.993305459,0,0.993305459
54,FKH2,HCM1,0.063351007,0.025802052,0
55,FKH2,MBP1,0.92194299,0,0.08785264
56,FKH2,MCM1,0.409418455,0.050627486,0.409418457
57,FKH2,NDD1,0.96094065,0.960940651,0.960940651
58,FKH2,NRM1,0.997789837,0,0.997789837
59,FKH2,PLM2,0.980255135,0,0.980255135
60,FKH2,STB1,0.815721051,0.800316288,0.768962499
61,FKH2,SWI4,0.879067596,,
62,FKH2,SWI5,0.989955819,0,0.149243008
63,FKH2,SWI6,0.950903886,0,0.037294794
64,FKH2,TOS4,0.66233136,0,0.66233136
65,FKH2,WHI5,0.526532872,0,0
66,FKH2,YHP1,0.995912129,,
67,FKH2,YOX1,0.989404459,0,0.210098953
68,HCM1,CDC20,0.886927565,0,0.886927566
69,HCM1,CLB3,0.99744398,0.99744398,0.99744398
70,HCM1,CLB4,0.996998929,0.996998929,0.996998929
71,HCM1,CLB5,0.988453605,-2.22E-16,0.078234632
72,HCM1,CLB6,0.755389268,0.755389268,0.755388853
73,HCM1,CLN1,0.942547662,,0.145505425
74,HCM1,CLN2,0.939000166,1.11E-16,0.00979712
75,HCM1,CLN3,0.766141421,-2.22E-16,0.519704935
76,HCM1,FKH1,0.988752624,0.988752624,0.988752624
77,HCM1,FKH2,0.998954972,0.998954972,0.998954972
78,HCM1,MBP1,0.990378133,0.990378133,0.990378133
79,HCM1,NDD1,0.999165677,0.999165677,0.999165677
80,HCM1,NRM1,0.997592918,0.997592918,0.997592918
81,HCM1,PLM2,0.988211958,0.988211958,0.988211958
82,HCM1,SWI4,0.937195431,0.772939466,-2.22E-16
83,HCM1,SWI5,0.988856047,0.988856047,0.988856047
84,HCM1,SWI6,0.989396634,0.989396634,0.989396634
85,HCM1,TOS4,0.932785666,2.22E-16,2.22E-16
86,HCM1,WHI5,0.997554273,0.997554273,0.997554273
87,HCM1,YHP1,0.981674359,0.981674359,0.981674359
88,HCM1,YOX1,0.909414009,0,0.909414009
89,MBP1,ACE2,,0.93880102,0.938801021
90,MBP1,CDC20,,2.22E-16,1
91,MBP1,CDH1,,0.858448867,0.858448867
92,MBP1,CLB1,,0.999276164,0.227070628
93,MBP1,CLB3,,0,0.780600828
94,MBP1,CLB4,,1,1
95,MBP1,CLB5,,1,1
96,MBP1,CLB6,,1,1
97,MBP1,CLN1,,1,1
98,MBP1,CLN3,,0.256112258,0.256112258
99,MBP1,FKH1,,0.950521807,0.950521809
100,MBP1,FKH2,,0.992299163,0.992299163
101,MBP1,HCM1,,2.22E-16,0.508984551
102,MBP1,MCM1,,0.972166853,0.972166853
103,MBP1,NDD1,,-2.22E-16,1
104,MBP1,NRM1,,0.112815458,0.89051784
105,MBP1,PLM2,,1,1
106,MBP1,SWI4,,1,1
107,MBP1,SWI6,,1,1
108,MBP1,TOS4,,0.004803574,0.671451502
109,MBP1,YOX1,,1,1
110,NRM1,ACE2,0.497974524,0.497974524,0.497974524
111,NRM1,CDC20,0.062095077,0.006475303,1.11E-16
112,NRM1,CDH1,0.854082082,0.854082082,0.854082082
113,NRM1,CLB1,0.956822208,0,0.956822208
114,NRM1,CLB2,0.562667415,0,0.561374609
115,NRM1,CLB3,0.995452678,0,0.203440492
116,NRM1,CLB4,0.6148453,-4.44E-16,0.614845299
117,NRM1,CLB5,0.961368232,2.22E-16,0.90721146
118,NRM1,CLB6,0.977670886,-2.22E-16,0.977670886
119,NRM1,CLN1,0.475823267,,0
120,NRM1,CLN2,0.890884644,0,0.890884645
121,NRM1,CLN3,0.770710283,0.770710283,0.770710283
122,NRM1,FKH1,0.74096094,0.740960974,0.740960974
123,NRM1,FKH2,0.637181051,0.637181051,0.061969502
124,NRM1,HCM1,0.985133337,0,0.985133337
125,NRM1,MBP1,0.068033566,-2.22E-16,0.068033575
126,NRM1,NDD1,0.942534929,0.494069959,0.936618352
127,NRM1,PLM2,0.97881883,0,0.9363587
128,NRM1,STB1,0.978178862,0,0.978178862
129,NRM1,SWI4,0.689450034,0.658000436,0.619759089
130,NRM1,SWI6,0.658500256,0,0.658500256
131,NRM1,TOS4,0.996550145,0,0.919027178
132,NRM1,WHI5,0.649491964,0,0.399940911
133,NRM1,YHP1,0.996769099,0,0.996769099
134,NRM1,YOX1,0.986373535,0,0.986359885
135,STB1,CLB5,0.998271416,0.998271416,0.998271416
136,STB1,CLB6,0.906459121,0.906459121,0.906459121
137,STB1,CLN1,0.914770897,0.914770897,0.914770897
138,STB1,CLN2,0.731791463,0.731409956,0.731791463
139,STB1,HCM1,0.936966663,0.936966663,0.936966663
140,STB1,NRM1,0.980366099,0.980366099,0.980366099
141,STB1,PLM2,0.998060587,0.998060587,0.998060587
142,STB1,SWI4,0.962465331,0,0.162170528
143,STB1,TOS4,0.998310832,0.998310832,0.998310832
144,STB1,WHI5,0.802213707,,
145,STB1,YHP1,0.941980396,0.941980396,0.941980396
146,STB1,YOX1,0.681350738,0.681350738,0.681350738
147,SWI5,ACE2,,0.522771551,0.522771556
148,SWI5,CDC20,0.944752517,0,0.077526341
149,SWI5,CLB1,0.822146866,-2.22E-16,0.82214685
150,SWI5,CLB2,0.669142934,0,0.669142934
151,SWI5,CLB3,0.271885436,0,0.392421759
152,SWI5,CLB5,0.968105671,0.968105671,0.968105671
153,SWI5,CLB6,0.900517722,0.900517727,0.900517727
154,SWI5,CLN1,0.549798558,0.018276112,0.549798616
155,SWI5,CLN2,0.993256717,,0.971711574
156,SWI5,CLN3,0.767118547,0.767118545,0.767118547
157,SWI5,FKH1,0.790456476,0.790456478,-2.22E-16
158,SWI5,FKH2,0.84048198,0,0.665602299
159,SWI5,HCM1,0.279717707,0.279717707,0
160,SWI5,MBP1,0.73550994,0.735498572,0.735509961
161,SWI5,NDD1,0.485713265,0,0.608467521
162,SWI5,NRM1,0.583812492,0.031563354,0.583812563
163,SWI5,PLM2,0.687684806,,0.687684834
164,SWI5,STB1,0.75483336,,0.754833362
165,SWI5,SWI4,0.996005262,0.996005262,0.996005262
166,SWI5,SWI6,0.419417881,0,0.419417881
167,SWI5,TOS4,0.957711743,0.417886037,0.618946499
168,SWI5,WHI5,0.078011724,0,0.132828413
169,SWI5,YHP1,0.486966107,0.486966107,0.486966107
170,SWI5,YOX1,0.270552757,0,0
171,SWI6,ACE2,0.329766122,0,0
172,SWI6,CLB1,0.811690292,0.811690292,0.811690292
173,SWI6,CLB4,0.993648065,0.798429904,0.993648065
174,SWI6,CLB5,0.986396333,0.986396333,0.986396333
175,SWI6,CLB6,0.999546512,0.999546512,0.999546512
176,SWI6,CLN1,0.966558668,0.966558668,0.966558668
177,SWI6,CLN2,0.989605147,0.989605147,0.989605147
178,SWI6,CLN3,0.881652998,0.881652998,0.006721316
179,SWI6,FKH1,0.932181371,,0.918213782
180,SWI6,HCM1,0.970852706,0.970852706,0.970852706
181,SWI6,MBP1,,1.11E-16,0.017584686
182,SWI6,MCM1,0.811872015,0.811872057,0.811872057
183,SWI6,NDD1,0.623642766,0.126863001,0.249595147
184,SWI6,NRM1,0.971045177,0.949460962,0.931087643
185,SWI6,PLM2,0.995340643,0.995340643,0.995340643
186,SWI6,STB1,0.957043832,0.880449503,0.922422859
187,SWI6,SWI4,0.96017398,0.957379878,0.958792291
188,SWI6,SWI5,0.68034815,0.118915538,0.101001536
189,SWI6,TOS4,0.618883488,0.618883494,0.618883494
190,SWI6,WHI5,0.494635041,0.492021722,0.453813331
191,SWI6,YHP1,0.932635929,0.93263593,0.932635928
192,SWI6,YOX1,0.999330747,0.999330747,0.999330747
193,WHI5,CLB1,0.942249877,0,0.406818095
194,WHI5,CLB3,0.983498156,0,0.983498156
195,WHI5,CLB4,0.997053873,1.11E-16,0.997053873
196,WHI5,CLB5,0.998316859,0,0.998316859
197,WHI5,CLB6,0.996285144,0.996285144,0.170967792
198,WHI5,CLN1,0.986313691,-2.22E-16,0.986313691
199,WHI5,CLN2,0.981819797,-2.22E-16,0.200542586
200,WHI5,CLN3,0.989635411,0.989635406,0.989635409
201,WHI5,FKH1,0.959148142,0,1.11E-16
202,WHI5,HCM1,0.984816364,-2.22E-16,0.143303685
203,WHI5,NDD1,0.945358445,2.22E-16,0
204,WHI5,NRM1,0.985983046,0,0.153203643
205,WHI5,PLM2,0.994997,0,0.994997
206,WHI5,STB1,0.997514078,0.997514078,0.997514078
207,WHI5,SWI4,0.997740011,0,0.997740011
208,WHI5,TOS4,0.996799611,0,0.139558029
209,WHI5,YHP1,0.978242805,0,0.786012297
210,WHI5,YOX1,0.976474424,0,0.889175285
211,YHP1,CDC20,0.958961405,0.955435998,0.955435998
212,YHP1,CLB1,0.986572543,0,0.201393097
213,YHP1,CLB2,0.968303055,1.11E-16,0.968303055
214,YHP1,HCM1,0.204372606,0,0.067605381
215,YHP1,PLM2,0.914202435,0.914202449,0.914202444
216,YHP1,WHI5,0.411320145,,
217,YHP1,YOX1,0.984703037,0,0.984703037
218,YOX1,CDC20,0.966551694,0,0.374792711
219,YOX1,CLB2,0.970351523,-2.22E-16,0.970351523
220,YOX1,CLB6,0.959580332,,0.952672091
221,YOX1,CLN1,0.831282343,-2.22E-16,0.831282348
222,YOX1,CLN2,0.270590369,0,0.270589563
223,YOX1,CLN3,0.951983285,1.11E-16,0.636742215
224,YOX1,MBP1,,0.629286296,0.629286296
225,YOX1,PLM2,0.48034386,-2.22E-16,0.041876055
226,YOX1,STB1,0.849669137,0,0.586671427
227,YOX1,SWI4,0.983542672,0,0.983542674
228,YOX1,SWI5,0.495988866,2.22E-16,2.22E-16
229,YOX1,TOS4,0.50630469,-2.22E-16,0.506304687
230,YOX1,YHP1,0.99592404,0,0.200205693